City_ID,City,Country,Cloudiness,Date,Humidity,Latitude,Longitude,Max Temperature,Wind Speed
0,Anadyr,RU,40,1554149563,92,64.73,177.51,30,26.84
1,Jumla,NP,0,1554149875,95,29.28,82.18,22.75,1.7
2,Ushuaia,AR,75,1554145200,87,-54.81,-68.31,53.6,5.28
3,Faanui,PF,68,1554149409,100,-16.48,-151.75,82.78,6.33
4,Cape Town,ZA,0,1554148991,62,-33.93,18.42,60.01,17.22
5,Bandar,ID,92,1554149876,98,-4.2,104.14,71.53,3.76
6,Castro,CL,90,1554145200,93,-42.48,-73.76,53.6,18.34
7,Sitka,US,0,1554148023,48,37.17,-99.65,55,3
8,Nanortalik,GL,92,1554149341,100,60.14,-45.24,27.61,23.4
9,San Vicente,SV,20,1554149414,55,13.64,-88.78,93.2,9.17
10,Am Timan,TD,0,1554149876,20,11.04,20.28,81.88,9.57
11,Punta Arenas,CL,90,1554148963,93,-53.16,-70.91,55.4,5.82
12,Cherskiy,RU,80,1554149366,72,68.75,161.3,22.03,6.4
13,Faranah,GN,48,1554149731,62,10.04,-10.74,80.53,10.25
14,Saskylakh,RU,0,1554149363,59,71.97,114.09,7.81,5.88
15,Arraial do Cabo,BR,0,1554145200,61,-22.97,-42.02,80.6,3.36
16,Qaanaaq,GL,8,1554149326,86,77.48,-69.36,1.96,7.78
17,Rikitea,PF,0,1554149317,100,-23.12,-134.97,76.48,15.39
18,Georgetown,GY,40,1554145200,52,6.8,-58.16,89.6,8.63
19,Saint-Georges,CA,76,1554148913,59,46.12,-70.67,28,8.99
20,Meulaboh,ID,92,1554149228,100,4.14,96.13,77.38,4.32
21,Alekseyevsk,RU,64,1554149878,95,57.84,108.35,35.26,9.8
22,Bonfim,BR,75,1554149371,57,-20.33,-44.24,80.6,5.82
23,Mataura,NZ,92,1554148809,85,-46.19,168.86,48.99,9.64
24,Busselton,AU,24,1554149142,64,-33.64,115.35,63,8.01
25,Hobart,AU,20,1554149174,87,-42.88,147.33,45,11.41
26,Baykit,RU,88,1554149393,82,61.68,96.39,27.25,9.01
27,Coihaique,CL,75,1554145200,82,-45.58,-72.07,55.4,17.22
28,Kapaa,US,1,1554149002,64,22.08,-159.32,77,6.22
29,Esso,RU,64,1554149879,99,55.93,158.7,18.97,2.53
30,Nyimba,ZM,0,1554149879,44,-14.56,30.81,73.51,5.39
31,Polyarnyy,RU,0,1554147000,50,69.2,33.45,30.2,4.47
32,Campos Belos,BR,12,1554149880,61,-13.04,-46.77,84.22,2.86
33,Bambous Virieux,MU,20,1554149041,83,-20.34,57.76,75.2,3.36
34,Avarua,CK,76,1554147000,74,-21.21,-159.78,80.6,10.29
35,Luderitz,NA,0,1554149375,71,-26.65,15.16,61.63,20.38
36,Bredasdorp,ZA,80,1554149323,95,-34.53,20.04,62.44,9.01
37,Saint George,GR,0,1554148200,62,39.45,22.34,51.8,6.93
38,Namibe,AO,8,1554149394,94,-15.19,12.15,80.98,14.94
39,Kharp,RU,0,1554149880,63,66.82,65.8,11.05,7.34
40,Port Elizabeth,US,1,1554149282,26,39.31,-74.98,54,10.29
41,Koslan,RU,32,1554149881,69,63.46,48.9,25.18,8.41
42,Beaverlodge,CA,75,1554145200,56,55.21,-119.43,44.6,10.29
43,Ponta Delgada,PT,75,1554149416,67,37.73,-25.67,57.2,23.04
44,Pilar,AR,0,1554149744,78,-34.46,-58.91,84,8.05
45,Nhulunbuy,AU,90,1554147000,100,-12.18,136.78,77,4.7
46,Hermanus,ZA,12,1554148863,62,-34.42,19.24,57,11.01
47,Mount Gambier,AU,44,1554145200,93,-37.83,140.78,42.8,6.93
48,Port Macquarie,AU,75,1554149705,100,-31.43,152.91,63,5.82
49,Ust-Nera,RU,8,1554149618,76,64.57,143.24,-9.84,2.37
50,Khatanga,RU,80,1554149334,92,71.98,102.47,28.69,11.88
51,New Norfolk,AU,20,1554149295,87,-42.78,147.06,44.6,11.41
52,Ponta do Sol,BR,76,1554149374,58,-20.63,-46,77.47,1.07
53,Harper,US,1,1554149427,35,30.3,-99.24,63,3.36
54,Ancud,CL,90,1554145200,93,-41.87,-73.83,53.6,18.34
55,Norman Wells,CA,75,1554145200,73,65.28,-126.83,26.6,12.75
56,Outram,NZ,0,1554149872,64,-45.86,170.23,50,15.99
57,Torbay,CA,75,1554148915,72,47.66,-52.73,59,28.86
58,Kaeo,NZ,20,1554149285,96,-35.1,173.78,62.01,5.01
59,Vaini,IN,0,1554149318,91,15.34,74.49,66.49,1.07
60,Butaritari,KI,56,1554149308,100,3.07,172.79,83.5,11.25
61,La Ronge,CA,90,1554146040,56,55.1,-105.3,32,13.87
62,Port-Cartier,CA,90,1554149858,58,50.03,-66.88,30.99,17.22
63,Thompson,CA,75,1554148380,55,55.74,-97.86,33.8,13.87
64,Sinnamary,GF,88,1554149434,94,5.38,-52.96,80.26,9.31
65,Lavagna,IT,0,1554149834,72,44.31,9.34,60.8,3.36
66,Sandnessjoen,NO,75,1554149414,93,66.02,12.63,41,5.82
67,Bluff,AU,0,1554149342,79,-23.58,149.07,62.62,9.64
68,Clyde River,CA,75,1554145200,84,70.47,-68.59,-0.41,5.82
69,San Juan Tepa,MX,0,1554149886,32,20.22,-99.07,78.01,3.6
70,Mbini,GQ,40,1554145200,83,1.58,9.62,84.2,8.05
71,Jamestown,AU,0,1554149315,83,-33.21,138.6,42.1,4.61
72,Zhuanghe,CN,76,1554149886,98,39.7,122.97,35.89,3.53
73,Adrar,DZ,0,1554148800,22,27.87,-0.29,75.2,8.05
74,Port-Gentil,GA,20,1554145200,83,-0.72,8.78,84.2,11.41
75,Carballo,ES,0,1554149877,87,43.21,-8.69,57,4.7
76,Rawson,AR,76,1554149326,28,-43.3,-65.11,82.69,6.33
77,Carnarvon,ZA,0,1554149344,35,-30.97,22.13,48.94,12.37
78,Barrow,AR,20,1554149331,35,-38.31,-60.23,83.23,11.32
79,Half Moon Bay,US,90,1554149323,72,37.46,-122.43,66.99,11.41
80,Tuktoyaktuk,CA,20,1554145200,77,69.44,-133.03,6.8,11.41
81,Hithadhoo,MV,92,1554149049,100,-0.6,73.08,83.23,6.85
82,Puerto Ayora,EC,20,1554148906,70,-0.74,-90.35,86,14.99
83,Viseu,PT,20,1554149416,82,40.66,-7.91,59,3.36
84,Upernavik,GL,56,1554149329,100,72.79,-56.15,17.44,7
85,Ixtapa,MX,5,1554149109,65,20.71,-105.21,80.01,8.05
86,El Dorado,VE,0,1554149888,33,6.71,-61.64,93.49,4.38
87,Waddan,LY,0,1554149889,29,29.16,16.14,70.99,11.54
88,Victoria,BN,75,1554147000,88,5.28,115.24,77,1.12
89,Cayenne,GF,56,1554147000,62,4.94,-52.33,86,13.87
90,Lincoln,US,1,1554149842,23,40.8,-96.67,62.01,16.11
91,Vanimo,PG,80,1554149058,97,-2.67,141.3,83.86,16.35
92,Lulea,SE,0,1554146400,69,65.58,22.15,39.2,6.93
93,Sovetskiy,RU,0,1554149890,73,56.76,48.47,19.96,3.27
94,Upata,VE,0,1554147090,42,8.02,-62.41,93,5.99
95,Ilulissat,GL,20,1554144600,52,69.22,-51.1,17.6,25.28
96,Esperance,TT,20,1554148855,49,10.24,-61.45,89.6,14.99
97,Bati,ET,32,1554149890,66,11.19,40.02,70.27,4.5
98,Auki,NG,0,1554149890,22,12.18,6.51,79.81,8.08
99,East Haddam,US,1,1554149886,22,41.45,-72.46,46,16.11
100,Kutum,SD,0,1554149891,26,14.2,24.66,64.15,7.85
101,Manokwari,ID,44,1554149891,100,-0.87,134.08,80.98,11.59
102,Albany,US,20,1554149050,25,42.65,-73.75,42.01,19.46
103,Hilo,US,1,1554149062,61,19.71,-155.08,80.01,5.06
104,Tasiilaq,GL,90,1554144600,68,65.61,-37.64,24.8,9.17
105,Valdivia,CL,0,1554145200,59,-39.81,-73.25,66.2,8.05
106,Bethel,US,75,1554144960,69,60.79,-161.76,39.2,3.36
107,Canico,PT,40,1554149487,63,32.63,-16.85,60.8,2.24
108,Darnah,LY,0,1554149892,99,32.77,22.64,60.46,8.57
109,Kungurtug,RU,0,1554149432,66,50.6,97.53,9.43,2.48
110,Saint-Philippe,CA,1,1554149270,37,45.36,-73.48,37,8.05
111,Atuona,PF,76,1554149316,100,-9.8,-139.03,80.35,10.36
112,Nouadhibou,MR,0,1554145200,72,20.93,-17.03,68,13.87
113,Lebu,ET,75,1554148800,63,8.96,38.73,62.6,6.93
114,Banjar,ID,64,1554149388,95,-7.37,108.54,71.08,2.53
115,Tymovskoye,RU,80,1554149409,82,50.85,142.66,20.5,5.1
116,Chokurdakh,RU,0,1554149356,67,70.62,147.9,-0.66,4.32
117,Kaitangata,NZ,92,1554149240,82,-46.28,169.85,46,1.99
118,Shkurinskaya,RU,92,1554149894,80,46.58,39.36,47.68,6.22
119,Katsuura,JP,20,1554145200,69,33.93,134.5,37.4,3.36
120,Katherine,AU,8,1554147000,77,-14.47,132.26,68,4.7
121,Sakaiminato,JP,75,1554148997,74,35.55,133.23,37.4,6.93
122,High Prairie,CA,32,1554149894,59,55.43,-116.48,40.66,7.85
123,Port Alfred,ZA,92,1554148770,81,-33.59,26.89,63,5.01
124,Bonthe,SL,32,1554149400,79,7.53,-12.5,83.95,4.83
125,Atocha,EC,75,1554149740,63,-1.22,-78.6,71.6,13.87
126,Omboue,GA,32,1554149895,98,-1.57,9.26,84.58,11.81
127,Abu Zabad,SD,0,1554149895,26,12.35,29.25,69.28,9.35
128,Hofn,IS,90,1554145200,100,64.25,-15.21,33.8,10.29
129,Tommot,RU,0,1554149896,68,58.97,126.27,6.01,2.37
130,Nome,US,90,1554149341,41,30.04,-94.42,60.8,10.29
131,Diffa,NE,32,1554149896,16,13.32,12.61,83.41,11.65
132,Flinders,AU,0,1554149107,93,-34.58,150.85,57.99,8.05
133,Lalmohan,BD,12,1554149896,90,22.34,90.74,79.81,8.12
134,Chalus,IR,90,1554145200,100,36.66,51.42,46.4,1.36
135,Sibolga,ID,64,1554149322,100,1.74,98.78,68.11,1.97
136,Shumskiy,RU,8,1554149897,88,54.83,99.13,25.81,3.09
137,Leningradskiy,RU,64,1554149325,96,69.38,178.42,15.73,12.59
138,Pamekasan,ID,56,1554149667,100,-7.16,113.47,78.1,5.77
139,Vary,UA,36,1554149759,49,48.12,22.71,50,9.17
140,Batsfjord,NO,20,1554148200,86,70.63,29.72,30.2,25.28
141,Hoima,UG,12,1554149898,90,1.43,31.35,65.95,2.59
142,Naze,NG,76,1554149317,90,5.43,7.07,77.38,6.51
143,Hualmay,PE,32,1554149369,71,-11.1,-77.61,73.87,6.11
144,Kendari,ID,20,1554149898,94,-3.99,122.52,71.62,2.37
145,Oudtshoorn,ZA,0,1554148800,71,-33.59,22.2,57.2,5.82
146,Coquimbo,CL,75,1554145200,72,-29.95,-71.34,64.4,9.17
147,Les Trois-Ilets,MQ,40,1554147000,58,14.54,-61.04,84.2,16.11
148,Fortuna,ES,75,1554149182,82,38.18,-1.13,60.01,5.82
149,Makali,SL,36,1554149899,86,8.63,-11.66,77.11,4.38
150,Ribeira Grande,PT,40,1554147000,71,38.52,-28.7,57.2,16.11
151,Waingapu,ID,8,1554149565,98,-9.65,120.26,69.01,2.98
152,Biak,ID,32,1554149584,100,-0.91,122.88,76.57,3.27
153,Yellowknife,CA,40,1554149092,57,62.45,-114.38,21.2,23.04
154,Koundara,GN,0,1554149900,41,12.49,-13.3,88.9,5.39
155,Cooma,AU,75,1554147000,100,-36.24,149.13,39.2,8.05
156,Dingle,PH,24,1554149544,91,11,122.67,74.32,11.03
157,Kahului,US,20,1554149081,65,20.89,-156.47,80.6,5.82
158,Nurota,UZ,12,1554149901,70,40.56,65.69,48.13,16.13
159,Noumea,NC,0,1554147000,93,-22.28,166.46,66.2,9.01
160,Cortez,US,1,1554149812,31,37.35,-108.58,53.01,4.7
161,Isangel,VU,80,1554149358,100,-19.55,169.27,79.9,12.77
162,Enumclaw,US,75,1554149839,42,47.2,-121.99,68,8.05
163,Tornio,FI,0,1554149741,47,61.12,27.27,37.4,10.29
164,Kodiak,US,1,1554149318,9,39.95,-94.76,57,16.11
165,Mujiayingzi,CN,8,1554149902,53,42.12,118.78,19.51,2.71
166,Chitral,PK,12,1554149903,83,35.85,71.79,12.13,1.36
167,Yakeshi,CN,0,1554149903,57,49.28,120.73,4.03,3.09
168,Hokitika,NZ,20,1554149636,100,-42.72,170.96,57.49,8.86
169,Broome,GB,0,1554149295,87,52.47,1.45,48,4.7
170,Ust-Karsk,RU,0,1554149903,69,52.71,118.82,10.06,2.37
171,Avanigadda,IN,0,1554149903,92,16.02,80.92,78.37,7.11
172,Clarence Town,AU,90,1554148838,100,-32.59,151.78,62.01,5.82
173,Bay Roberts,CA,75,1554148915,72,47.58,-53.28,59,28.86
174,Longyearbyen,NO,20,1554144600,60,78.22,15.63,10.4,11.41
175,Asyut,EG,0,1554145200,50,27.18,31.19,57.2,9.17
176,Novikovo,UA,12,1554149904,98,45.05,34.56,36.16,3.27
177,Cabinda,AO,20,1554145200,70,-5.56,12.19,84.2,4.7
178,Grootfontein,NA,64,1554149905,86,-19.56,18.1,62.8,2.82
179,Lata,IN,0,1554149905,60,30.78,78.62,41.29,2.82
180,Mahebourg,MU,20,1554149342,83,-20.41,57.7,75.2,3.36
181,Kawerau,NZ,0,1554149823,88,-38.09,176.7,63,1.01
182,Rocha,UY,20,1554149906,69,-34.48,-54.34,75.76,4.38
183,Sao Joao da Barra,BR,75,1554145200,65,-21.64,-41.05,78.8,13.87
184,Kibala,TD,20,1554145200,34,9.11,18.35,95,6.85
185,San Policarpo,PH,92,1554149375,100,12.18,125.51,75.58,8.86
186,Soloneshnoye,RU,12,1554149907,79,51.65,84.32,26.35,2.19
187,Okhotsk,RU,8,1554149540,86,59.36,143.24,18.88,7.56
188,Maryville,US,1,1554149484,9,40.35,-94.87,57.2,16.11
189,Umm Lajj,SA,0,1554149645,100,25.02,37.27,57.13,5.1
190,Imbituba,BR,20,1554145200,65,-28.24,-48.67,82.4,6.93
191,Banda Aceh,ID,68,1554149907,99,5.56,95.32,75.31,2.19
192,Angoche,MZ,20,1554149435,100,-16.23,39.91,79.36,9.42
193,Mahon,IE,75,1554147000,75,51.89,-8.4,46.4,10.29
194,Bubaque,GW,0,1554149390,95,11.28,-15.83,82.06,11.03
195,Middle Island,US,20,1554149905,30,40.88,-72.94,46.99,11.41
196,Nezhinka,RU,0,1554147000,69,51.77,55.37,32,2.24
197,Falam,MM,92,1554149908,93,22.91,93.68,59.56,0.85
198,Marawi,PH,56,1554148883,90,8,124.29,73.99,4
199,Bela,PK,8,1554149729,49,26.23,66.31,60.37,1.07
200,Kingori,TZ,20,1554145200,65,-3.38,37.02,78.8,11.41
201,Quimperle,FR,12,1554149902,93,47.87,-3.55,55,6.93
202,Provideniya,RU,24,1554149055,100,64.42,-173.23,28.24,10.92
203,Smolyaninovo,RU,0,1554147000,85,43.29,132.46,15.8,2.59
204,Yar-Sale,RU,12,1554149433,74,66.83,70.83,13.48,4.09
205,Rodrigues Alves,BR,75,1554145200,66,-7.74,-72.65,87.8,9.17
206,Ostrovnoy,RU,88,1554149375,85,68.05,39.51,21.13,14.27
207,Nikolskoye,RU,0,1554148836,69,59.7,30.79,36,8.95
208,Kenai,US,1,1554148924,69,60.55,-151.26,46,2.53
209,Namatanai,PG,44,1554149426,100,-3.66,152.44,81.88,9.91
210,Killybegs,IE,90,1554149824,93,54.63,-8.45,42.8,12.75
211,Pantai Remis,MY,75,1554145200,94,4.46,100.63,77,3.27
212,Puerto Carreno,CO,40,1554145200,44,6.19,-67.49,96.8,3.36
213,Tiksi,RU,8,1554149337,69,71.64,128.87,4.48,2.53
214,Dikson,RU,80,1554149325,99,73.51,80.55,26.8,24.63
215,Alyangula,AU,75,1554145200,94,-13.85,136.42,77,14.27
216,Iqaluit,CA,20,1554148938,71,63.75,-68.52,6.8,4.7
217,Formosa,AR,90,1554145200,78,-26.19,-58.17,73.4,9.17
218,Minot,US,75,1554149885,39,48.23,-101.3,46.4,21.92
219,Gamba,CN,36,1554149381,77,28.28,88.52,2.86,1.59
220,Novyy Urengoy,RU,88,1554149912,84,66.08,76.63,21.49,10.76
221,Nishihara,JP,20,1554149617,80,35.74,139.53,41,9.17
222,Port Moresby,PG,20,1554148800,100,-9.47,147.16,73.4,5.82
223,Buala,SB,92,1554149559,98,-8.15,159.59,80.26,5.88
224,Phonhong,LA,80,1554149600,100,18.5,102.42,70.99,2.53
225,East London,ZA,32,1554149059,100,-33.02,27.91,66.31,24.34
226,Gangoh,IN,0,1554149913,75,29.78,77.26,61.09,2.82
227,Biritiba-Mirim,BR,40,1554149705,48,-23.57,-46.04,82.4,6.93
228,Lavrentiya,RU,44,1554149401,100,65.58,-170.99,26.26,1.97
229,Berdychiv,UA,0,1554149914,53,49.89,28.58,34.99,11.81
230,Belaya Gora,RU,8,1554149677,69,68.54,146.19,-1.56,5.5
231,San Fernando,TT,20,1554149792,49,10.28,-61.46,89.6,14.99
232,Kulhudhuffushi,MV,64,1554149119,100,6.62,73.07,82.15,2.59
233,San Cristobal,EC,75,1554148812,64,-0.39,-78.55,68,16.11
234,Norrtalje,SE,0,1554149915,51,59.76,18.7,37.4,9.17
235,Were Ilu,ET,12,1554149915,94,10.6,39.43,49.93,1.36
236,Westport,IE,20,1554149292,90,53.8,-9.52,41,3
237,Tautira,PF,75,1554148959,66,-17.73,-149.15,87.8,12.75
238,Alice Springs,AU,0,1554147000,37,-23.7,133.88,50,3.36
239,Sinop,TR,92,1554149916,96,42.03,35.15,47.5,17.07
240,Christchurch,NZ,24,1554148986,87,-43.53,172.64,51.01,3.36
241,Kholodnyy,RU,64,1554149916,72,62.72,147.95,3.58,3.09
242,Darovskoy,RU,0,1554149916,96,58.77,47.96,28.69,6.29
243,Paamiut,GL,92,1554149136,100,61.99,-49.67,29.95,24.23
244,Manoel Urbano,BR,24,1554149917,64,-8.84,-69.26,88.9,2.59
245,General Salgado,BR,44,1554149917,70,-20.65,-50.36,83.68,3.09
246,Aleksandrovsk-Sakhalinskiy,RU,80,1554149896,87,50.9,142.16,23.83,11.65
247,Gat,SN,0,1554147000,60,14.69,-16.54,71.6,18.34
248,Mar del Plata,AR,64,1554149362,52,-46.43,-67.52,69.46,24.4
249,Jaypur,IN,0,1554149424,68,23.05,87.44,82,2.75
250,Viransehir,TR,92,1554149918,96,37.24,39.76,49.66,7.4
251,Kamaishi,JP,0,1554149918,88,39.28,141.86,26.35,5.21
252,Lufilufi,WS,20,1554149558,78,-13.87,-171.6,86,3.36
253,Tokmak,UA,92,1554149918,58,47.26,35.7,55.15,16.46
254,Kiunga,PG,88,1554149919,97,-6.12,141.3,72.25,1.25
255,Pangnirtung,CA,20,1554145200,65,66.15,-65.72,6.8,2.24
256,Petropavlovsk-Kamchatskiy,RU,40,1554147000,92,53.05,158.65,28.4,4.47
257,Bima,ID,0,1554149919,100,-8.45,118.73,71.98,2.82
258,Zeerust,ZA,64,1554148800,53,-25.54,26.07,73.4,3.36
259,Erzin,TR,40,1554148200,82,36.95,36.2,55.4,6.93
260,Balikpapan,ID,36,1554149920,100,-1.24,116.86,77.56,4.83
261,Souillac,FR,0,1554149795,67,45.6,-0.6,57.2,1.12
262,Campbeltown,GB,92,1554149809,87,55.43,-5.61,44.6,18.34
263,Sarai,IN,20,1554145200,78,25.78,85.28,73.4,5.82
264,Mayo,CA,5,1554145200,48,63.59,-135.9,42.8,4.7
265,Kudahuvadhoo,MV,76,1554149921,100,2.67,72.89,83.23,3.6
266,Port Hedland,AU,0,1554147000,94,-20.31,118.58,73.4,4.7
267,Lala,PH,12,1554149921,89,7.97,123.75,72.7,3.87
268,Alofi,NU,40,1554145200,78,-19.06,-169.92,78.8,6.93
269,Labuhan,ID,24,1554149323,97,-2.54,115.51,71.35,2.19
270,Durango,US,1,1554149712,31,37.28,-107.88,54,4.7
271,Chuy,UY,20,1554149397,80,-33.69,-53.46,73.33,8.23
272,Airai,TL,24,1554149373,89,-8.93,125.41,66.94,1.25
273,Seoul,KR,1,1554147600,79,37.57,126.98,33.8,2.24
274,Te Anau,NZ,88,1554149340,97,-45.41,167.72,41.83,3.49
275,Panguipulli,CL,0,1554149809,59,-39.64,-72.33,68,8.05
276,Morros,BR,75,1554145200,100,-2.87,-44.04,75.2,6.93
277,Hasaki,JP,75,1554149076,93,35.73,140.83,35.6,4.7
278,Henties Bay,NA,0,1554148932,84,-22.12,14.28,62.01,5.01
279,Whitecourt,CA,75,1554145200,42,54.14,-115.68,44.6,20.8
280,Vengerovo,RU,0,1554149924,88,55.68,76.74,28.51,14.94
281,Oriximina,BR,48,1554149804,75,-1.77,-55.87,85.3,2.48
282,Brae,GB,92,1554148200,75,60.4,-1.35,42.8,23.04
283,Saint-Louis,CH,36,1554149887,71,47.59,7.56,55.4,1.12
284,Samarai,PG,92,1554149604,100,-10.62,150.67,77.38,19.04
285,Atar,MR,0,1554149393,34,20.52,-13.05,65.23,2.3
286,Howard Springs,AU,90,1554149693,88,-12.5,131.05,82.4,2.24
287,Istok,PL,0,1554149778,66,52.66,23.48,37,6.06
288,Vermillion,US,40,1554149643,56,42.78,-96.93,48.2,5.82
289,Hami,CN,36,1554149606,68,42.84,93.51,45.88,5.55
290,Mackenzie,CA,1,1554145200,45,55.34,-123.09,42.8,9.17
291,Kindu,CD,64,1554149926,83,-2.95,25.92,76.12,3.53
292,Guymon,US,40,1554149568,41,36.68,-101.48,59,12.75
293,Eyl,SO,80,1554149334,100,7.98,49.82,75.85,4.27
294,Ambilobe,MG,8,1554149438,98,-13.19,49.05,70.99,2.71
295,Richards Bay,ZA,92,1554149096,82,-28.77,32.06,69.64,13.6
296,Wanning,AT,0,1554149911,77,48.64,13.53,50,9.17
297,Abha,SA,0,1554145200,77,18.22,42.5,64.4,11.41
298,Vardo,US,1,1554149316,31,39.62,-77.74,50,6.93
299,Tomatlan,MX,0,1554149719,54,19.93,-105.25,83.05,5.32
300,Theunissen,ZA,32,1554149927,60,-28.4,26.71,60.73,3.71
301,Daru,SL,20,1554149424,92,7.99,-10.85,76.12,3.76
302,Aykhal,RU,76,1554149928,89,65.95,111.51,28.96,6.89
303,Padang,ID,64,1554149928,100,-0.92,100.36,82.69,4.88
304,Havelock,US,75,1554149410,34,34.88,-76.9,53.01,9.17
305,Springfield,US,1,1554149799,39,37.22,-93.29,53.01,4.7
306,Komsomolskiy,RU,56,1554149359,91,67.55,63.78,25.18,16.17
307,Puerto Baquerizo Moreno,EC,20,1554145200,66,-0.9,-89.6,87.8,14.99
308,North Bend,US,90,1554149783,93,43.41,-124.22,57,2.98
309,Klaksvik,FO,68,1554146400,93,62.23,-6.59,35.6,11.41
310,Matara,PE,40,1554145200,54,-13.74,-72.9,59,2.48
311,Kommunisticheskiy,RU,24,1554149930,80,61.68,64.48,30.31,11.59
312,Porto Franco,BR,44,1554149930,93,-6.34,-47.4,78.37,3.87
313,Atambua,ID,56,1554149930,100,-9.11,124.89,76.66,2.3
314,Lauf,DE,0,1554149818,58,48.65,8.13,59,9.17
315,Ahipara,NZ,48,1554149541,96,-35.17,173.16,65.68,12.82
316,Collie,AU,92,1554149843,65,-33.36,116.15,62.01,9.35
317,Iquique,CL,0,1554145200,53,-20.22,-70.14,73.4,16.11
318,Sao Felix do Xingu,BR,68,1554149325,81,-6.64,-51.99,82.96,1.97
319,Nakhon Nayok,TH,24,1554149254,79,14.2,101.21,79,1.86
320,Itarema,BR,48,1554149431,88,-2.92,-39.92,80.8,4.61
321,Touros,BR,40,1554145200,100,-5.2,-35.46,78.8,2.24
322,Aguadilla,PR,75,1554149928,69,18.43,-67.15,84.99,16.11
323,Susangerd,IR,0,1554147000,59,31.56,48.19,60.8,2.24
324,Schrobenhausen,DE,0,1554149826,81,48.56,11.27,51.8,6.93
325,Kavieng,PG,76,1554149689,100,-2.57,150.8,83.68,10.58
326,San Quintin,PH,0,1554149652,82,17.54,120.52,67.57,3.6
327,Khasan,RU,0,1554149382,100,42.43,130.64,27.61,9.24
328,Fairbanks,US,1,1554149228,69,64.84,-147.72,41,6.93
329,Sao Filipe,CV,0,1554149933,97,14.9,-24.5,70.81,14.56
330,Burnie,AU,0,1554148838,85,-41.05,145.91,50,4.72
331,Abu Kamal,SY,56,1554149408,85,34.45,40.92,51.01,9.35
332,Port Blair,IN,8,1554149383,100,11.67,92.75,83.68,4.32
333,Bridlington,GB,24,1554149795,81,54.08,-0.19,44.6,5.82
334,Bathsheba,BB,40,1554145200,65,13.22,-59.52,82.4,20.8
335,Port Lincoln,AU,0,1554149382,100,-34.72,135.86,59.65,12.77
336,Comodoro Rivadavia,AR,0,1554145200,40,-45.87,-67.48,71.6,12.75
337,Bartica,GY,40,1554145200,52,6.41,-58.62,89.6,4.61
338,Grindavik,IS,40,1554149215,100,63.84,-22.43,34,17.22
339,Haines Junction,CA,0,1554149878,40,60.75,-137.51,45.61,2.82
340,Sisimiut,GL,0,1554149696,98,66.94,-53.67,16.54,2.98
341,Lazaro Cardenas,MX,90,1554149414,25,28.39,-105.62,69.01,5.82
342,Selma,US,1,1554149929,38,36.57,-119.61,78.01,4.21
343,Lompoc,US,1,1554149291,33,34.64,-120.46,79,3.36
344,Cam Ranh,VN,20,1554147000,73,11.92,109.15,77,6.93
345,Hobyo,SO,0,1554149693,91,5.35,48.53,78.46,8.34
346,Pevek,RU,12,1554149337,73,69.7,170.27,20.77,14.34
347,San Jose de las Lajas,CU,75,1554149558,51,22.96,-82.15,84.2,9.17
348,Baker City,US,40,1554149781,41,44.77,-117.83,57.99,4.7
349,Atlantic Beach,US,90,1554149924,93,30.33,-81.4,60.01,23.04
350,Albion,US,75,1554149905,74,41.69,-98,59,3.36
351,Dongsheng,CN,100,1554149609,91,29.72,112.52,53.53,2.37
352,Tres Arroyos,AR,20,1554149937,35,-38.38,-60.28,83.23,11.32
353,Bambanglipuro,ID,92,1554149874,100,-7.95,110.28,72.16,2.82
354,Cabo San Lucas,MX,5,1554149816,36,22.89,-109.91,87.01,2.24
355,Maceio,BR,40,1554145200,66,-9.67,-35.74,84.2,10.29
356,Buin,CL,0,1554145200,36,-33.73,-70.74,78.8,5.82
357,Paita,PE,40,1554145200,290,-5.09,-81.11,62.6,10.25
358,Muncar,ID,20,1554149938,98,-8.43,114.34,78.37,3.09
359,Mehamn,NO,40,1554146400,80,71.03,27.85,30.2,17.22
360,Teguldet,RU,48,1554149443,91,57.31,88.17,28.42,5.84
361,Trairi,BR,76,1554149939,100,-3.28,-39.27,81.61,2.98
362,Ranong,TH,68,1554149634,100,9.96,98.62,82.42,3.6
363,Talcahuano,CL,0,1554145200,59,-36.72,-73.12,66.2,14.99
364,Vila Franca do Campo,PT,75,1554149052,67,37.72,-25.43,57.2,23.04
365,Fort Nelson,CA,75,1554145200,52,58.81,-122.69,41,3.31
366,Lorengau,PG,88,1554149388,97,-2.02,147.27,83.23,10.87
367,Mineiros,BR,64,1554149886,30,-17.57,-52.55,89.8,2.59
368,Salalah,OM,40,1554144600,74,17.01,54.1,80.6,5.82
369,Nabire,ID,0,1554149634,93,-3.36,135.5,66.49,2.08
370,Jining,CN,0,1554149940,54,35.41,116.58,39.94,9.35
371,Nova Olimpia,BR,24,1554149940,71,-14.8,-57.29,89.08,2.86
372,Muli,IN,0,1554149941,39,22.62,71.45,74.05,2.86
373,Azangaro,PE,75,1554145200,71,-14.91,-70.2,50,8.05
374,Ati,TD,0,1554149941,17,13.21,18.34,84.13,10.54
375,Talnakh,RU,92,1554149048,93,69.49,88.39,24.82,9.57
376,Thinadhoo,MV,56,1554149356,100,0.53,72.93,83.41,6.73
377,Reims,FR,0,1554149824,81,49.26,4.03,55.4,8.9
378,Caravelas,BR,12,1554149390,100,-17.73,-39.27,80.98,12.15
379,Zhaozhou,CN,8,1554149942,62,45.71,125.27,19.51,3.87
380,Champerico,MX,40,1554144420,40,16.38,-93.6,87.8,13.87
381,Salaga,GH,20,1554149942,66,8.55,-0.52,86.56,7.29
382,Taoudenni,ML,0,1554149596,33,22.68,-3.98,66.94,4.09
383,Lasa,CY,40,1554148846,87,34.92,32.53,55.4,4.7
384,The Pas,CA,90,1554146940,51,53.82,-101.24,39.2,14.99
385,Tura,IN,0,1554149073,94,25.52,90.21,62.89,4.76
386,Hailar,CN,0,1554149943,60,49.2,119.7,6.37,2.98
387,Richmond,CA,1,1554149943,76,49.16,-123.14,71.01,10.29
388,Oulainen,FI,0,1554149721,10,64.27,24.8,35.01,8.57
389,Flin Flon,CA,90,1554146760,64,54.77,-101.88,37.4,10.29
390,Trofors,NO,75,1554148200,93,65.54,13.39,41,5.82
391,Sistranda,NO,20,1554149400,86,63.73,8.83,37.4,10.29
392,Matiri,UG,12,1554149945,88,0.58,30.76,64.69,2.71
393,Cap Malheureux,MU,20,1554149342,83,-19.98,57.61,75.2,3.36
394,Keti Bandar,PK,0,1554149945,93,24.14,67.45,78.01,8.3
395,Dumas,IN,0,1554149886,100,21.09,72.71,79.18,15.39
396,Bandikui,IN,0,1554149945,42,27.05,76.58,62.89,2.3
397,Ngorongoro,TZ,64,1554149946,92,-3.24,35.49,58.03,2.71
398,College,US,1,1554149132,69,64.86,-147.8,41,6.93
399,Takoradi,GH,0,1554149946,97,4.89,-1.75,82.96,8.63
400,Cidreira,BR,0,1554149346,71,-30.17,-50.22,77.38,11.77
401,Sao Caetano de Odivelas,BR,80,1554149946,99,-0.75,-48.02,80.53,6.78
402,Colchester,GB,0,1554149730,81,51.89,0.9,48,6.93
403,Gizo,IL,75,1554149389,67,31.8,34.94,60.8,8.05
404,Gilgit,PK,0,1554149925,92,35.92,74.31,20.41,0.29
405,Alpena,US,75,1554149620,28,45.06,-83.43,42.8,9.17
406,Haverfordwest,GB,68,1554149709,87,51.8,-4.97,52,12.75
407,Mandalgovi,MN,8,1554149947,73,45.76,106.27,18.16,3.27
408,Troitskoye,RU,0,1554149947,58,52.98,84.68,29.41,4.54
409,Constitucion,MX,5,1554148816,10,23.99,-104.67,77,3.36
410,Port-de-Bouc,FR,0,1554149805,71,43.4,4.98,57,3.36
411,Presidente Epitacio,BR,68,1554149677,54,-21.76,-52.12,86.56,3.09
412,Santa Maria,BR,20,1554145200,58,-29.69,-53.81,87.8,9.17
413,Pechora,RU,48,1554149950,82,65.12,57.16,24.37,7.63
414,Kruisfontein,ZA,48,1554149950,83,-34,24.73,57.76,8.57
415,Camacha,PT,20,1554147000,67,33.08,-16.33,62.6,4.7
416,Dibulla,CO,75,1554145200,74,11.27,-73.31,84.2,16.11
417,Vostok,RU,12,1554149951,62,46.45,135.83,2.59,1.86
418,Buchanan,LR,40,1554147000,83,5.88,-10.05,80.6,6.93
419,Vung Tau,VN,0,1554149641,99,10.35,107.08,80.89,12.1
420,Findochty,GB,75,1554149890,70,57.7,-2.9,44.6,12.75
421,Leua,AO,0,1554149952,66,-11.65,20.45,67.66,2.37
422,Pacific Grove,US,75,1554149066,43,36.62,-121.92,73.99,3.71
423,Oyon,PE,92,1554149952,93,-10.67,-76.77,49.75,1.86
424,Ust-Tsilma,RU,76,1554149952,76,65.44,52.15,22.93,8.57
425,Liverpool,GB,0,1554149710,66,53.41,-2.98,51.01,8.05
426,Toyooka,JP,68,1554149953,86,35.55,134.82,31.84,3.98
427,Evinayong,GQ,56,1554149953,91,1.44,10.55,73.33,2.82
428,Holetown,BB,40,1554145200,65,13.19,-59.64,82.4,20.8
429,Karasjok,NO,75,1554146400,100,69.47,25.52,28.4,8.05
430,Port Augusta,AU,0,1554149805,87,-32.49,137.76,55.99,5.82
431,Bontang,ID,80,1554149895,100,0.12,117.47,76.57,5.06
432,Dhidhdhoo,MV,64,1554149954,100,6.88,73.1,82.15,2.59
433,Ugoofaaru,MV,0,1554149429,100,5.67,73,83.41,1.7
434,Marsh Harbour,BS,64,1554149431,100,26.54,-77.06,76.84,7.07
435,Ilhabela,BR,0,1554149754,98,-23.78,-45.36,76.48,12.03
436,Mercedes,UY,68,1554149954,85,-33.25,-58.03,72.97,8.79
437,Rio Grande,BR,40,1554145200,69,-32.03,-52.1,82.4,11.41
438,Quatre Cocos,MU,20,1554149342,83,-20.21,57.76,75.2,3.36
439,Portland,US,90,1554149244,51,45.52,-122.67,64,5.82
440,Diamantino,BR,32,1554149427,79,-14.4,-56.44,83.86,3.6
441,Yulara,AU,0,1554145200,33,-25.24,130.99,57.2,5.82
442,Puerto Escondido,MX,5,1554144300,70,15.86,-97.07,84.2,9.17
443,Bondo,CD,32,1554149955,90,3.81,23.69,75.13,2.98
444,Khani,GE,90,1554147000,93,41.96,42.96,44.6,5.82
445,Zanjan,IR,92,1554149956,94,36.67,48.48,35.08,14.79
446,Hamilton,BM,75,1554148801,77,32.3,-64.78,72,17.22
447,Saint-Donat-de-Montcalm,CA,56,1554149908,46,46.32,-74.22,39.99,9.24
448,Arys,KZ,0,1554147000,93,42.43,68.8,39.2,6.22
449,Puri,ID,88,1554149957,96,-7.54,112.45,69.55,2.53
450,Black Forest,AU,0,1554149906,87,-34.96,138.58,60.01,5.82
451,Sola,NO,75,1554149852,60,58.89,5.65,39.2,14.99
452,Diapaga,BF,12,1554149957,37,12.07,1.79,86.02,6.51
453,Berezovyy,RU,44,1554149957,69,51.67,135.7,19.06,2.59
454,Dudinka,RU,92,1554149583,95,69.41,86.18,24.73,10.13
455,Nuuk,GL,75,1554149537,45,64.17,-51.74,24.8,4.7
456,Finnsnes,NO,75,1554149755,80,69.23,17.98,33.8,14.99
457,Sao Domingos do Maranhao,BR,80,1554149958,92,-5.58,-44.39,77.11,2.48
458,Barranquilla,CO,40,1554149744,66,10.98,-74.8,93.2,12.75
459,Los Andes,CL,0,1554149936,36,-32.83,-70.6,82,11.41
460,Taitung,TW,92,1554149959,100,22.76,121.15,64.15,10.87
461,Veraval,FR,56,1554149909,87,49.65,0.71,62.01,4.7
462,Moshenskoye,RU,76,1554149959,92,58.52,34.59,27.34,4.5
463,Bezhetsk,RU,0,1554149960,83,57.78,36.69,24.46,9.24
464,Bilma,NE,20,1554149615,26,18.69,12.92,71.71,6.55
465,Beruwala,LK,0,1554149961,98,6.48,79.98,83.23,8.01
466,Geraldton,CA,75,1554145200,57,49.72,-86.95,32,19.46
467,Antsohihy,MG,68,1554149699,99,-14.88,47.99,75.04,2.75
468,High Level,CA,90,1554145200,59,58.52,-117.13,37.4,16.11
469,Fare,PF,64,1554149961,99,-16.7,-151.02,83.95,5.61
470,Gao,ML,56,1554149811,26,16.28,-0.04,87.91,6.55
471,Sarapul,RU,0,1554149761,83,56.48,53.82,28.99,2.59
472,Vanavara,RU,88,1554149443,74,60.35,102.28,31.03,11.77
473,Erzurum,TR,75,1554148200,92,39.91,41.27,34,4.7
474,Vilhena,BR,40,1554145200,70,-12.74,-60.15,86,10.29
475,Codrington,AU,40,1554149309,93,-28.95,153.24,62.6,4.32
476,Scarborough,GB,36,1554149942,81,54.28,-0.41,46,5.82
477,Berlevag,NO,75,1554148200,92,70.86,29.09,30.2,19.46
478,Guadalupe y Calvo,MX,0,1554149963,11,26.09,-106.96,71.44,3.71
479,Salta,AR,75,1554148800,94,-24.79,-65.41,78.8,4.7
480,Camacupa,AO,0,1554149963,62,-12.02,17.48,62.44,2.86
481,Dubbo,AU,20,1554149964,87,-32.25,148.6,56.23,10.87
482,Malanje,AO,8,1554149964,94,-9.54,16.35,66.4,2.48
483,Lagoa,PT,20,1554149829,82,37.14,-8.45,61,13.87
484,Tshikapa,CD,32,1554149965,86,-6.42,20.79,75.13,2.19
485,Yenagoa,NG,12,1554149564,91,4.92,6.26,78.82,6.22
486,Vestmanna,FO,68,1554148200,93,62.16,-7.17,35.6,4.7
487,San Patricio,PY,88,1554149965,74,-26.98,-56.83,81.97,2.26
488,Cotonou,BJ,40,1554145200,79,6.37,2.43,86,12.75
489,Zhigansk,RU,80,1554149424,85,66.77,123.37,23.65,6.11
490,Zabid,YE,8,1554149966,82,14.2,44.5,48.31,1.74
491,Cururupu,BR,92,1554149966,100,-1.82,-44.87,74.95,3.6
492,Ariquemes,BR,8,1554149966,42,-9.91,-63.03,95.65,2.86
493,Bulawayo,ZW,0,1554149966,45,-20.16,28.59,66.85,7.52
494,Kalmunai,LK,12,1554149967,97,7.42,81.82,75.58,3.76
495,Malumfashi,NG,0,1554149967,25,11.79,7.62,77.56,7.56
496,Russellville,US,1,1554149829,34,35.28,-93.13,53.6,3.36
497,Pisco,PE,0,1554145200,30,-13.71,-76.2,71.6,14.99
498,Copiapo,CL,75,1554145200,63,-27.37,-70.33,64.4,11.41
499,Blackwater,GB,0,1554149951,65,51.33,-0.78,50,6.93
500,Nantucket,US,1,1554149865,39,41.28,-70.1,46.99,23.04
501,Donskoye,RU,90,1554147000,100,45.45,41.98,39.2,8.95
502,Acapulco,MX,5,1554144420,58,16.86,-99.88,84.2,11.41
503,Draguignan,FR,0,1554149968,62,43.54,6.46,57.2,2.24
504,Bischwiller,FR,0,1554149818,54,48.77,7.86,59,5.82
505,Pizarro,CO,88,1554149969,83,4.95,-77.37,79.63,7.56
506,Kozachi Laheri,UA,0,1554145200,46,46.71,32.99,51.8,20.13
507,Laguna,MX,75,1554144120,23,27.52,-110.01,84.2,6.93
508,Casper,US,75,1554149715,42,42.87,-106.31,46,6.93
509,Deputatskiy,RU,24,1554149430,49,69.3,139.9,-9.93,5.61
510,Manggar,ID,44,1554149970,100,-2.88,108.27,77.38,5.32
511,Pangai,TO,40,1554145200,78,-19.8,-174.35,78.8,12.75
512,Talara,PE,40,1554145200,290,-4.58,-81.27,62.6,10.25
513,Teguise,ES,20,1554147000,72,29.06,-13.56,66.2,2.24
514,Kalianget,ID,64,1554149971,100,-7.74,113.68,71.89,4.21
515,Tabas,IR,44,1554145200,22,33.6,56.92,80.6,9.17
516,Bredy,RU,0,1554149972,81,52.43,60.33,28.33,7.85
517,Tonstad,NO,75,1554149808,60,58.66,6.71,39.2,14.99
518,Saint Anthony,US,40,1554149457,29,43.97,-111.68,53.01,8.05
519,Yukhnov,RU,0,1554149972,79,54.74,35.23,28.24,9.35
520,Conceicao do Araguaia,BR,48,1554149972,88,-8.26,-49.26,84.76,3.83
521,Kishtwar,IN,0,1554149973,48,33.31,75.77,28.96,1.86
522,Saint-Francois,FR,0,1554149797,58,46.42,3.91,57.2,5.82
523,Coihueco,CL,0,1554145200,41,-36.63,-71.83,77,12.75
524,Sinjar,SY,12,1554149974,91,35.59,37,48.85,10.36
525,Tonota,BW,0,1554145200,42,-21.44,27.46,68,1.12
526,San Antonio,CL,75,1554145200,87,-33.58,-71.61,78.8,11.41
527,Pisek,US,40,1554149736,56,48.31,-97.71,43,18.34
528,Linhares,BR,48,1554149977,96,-19.38,-40.06,71.53,4.83
529,Vestmannaeyjar,IS,32,1554149394,97,63.44,-20.27,34.45,19.71
530,Poum,MK,20,1554145200,25,41.28,20.71,51.8,3.36
531,Soyo,AO,20,1554145200,70,-6.13,12.37,84.2,4.7
532,Port Hardy,CA,20,1554145200,87,50.7,-127.42,44.6,3.36
533,Medvedovskaya,RU,75,1554149444,81,45.45,39.03,46.99,6.71
534,Karratha,AU,0,1554149978,90,-20.74,116.85,76.21,7.52
535,Gigmoto,PH,0,1554149396,100,13.78,124.39,76.3,11.03
536,Tanete,ID,32,1554149979,99,-3.94,119.78,72.43,2.98
537,Malkangiri,IN,20,1554149979,91,18.35,81.9,64.96,1.74
538,Cockburn Town,TC,0,1554149581,100,21.46,-71.14,78.37,12.33
539,Moville,US,1,1554149464,73,42.49,-96.07,46.99,6.93
540,Avera,US,1,1554149707,23,33.19,-82.53,64.4,12.75
541,Lebanon,US,40,1554149874,27,43.64,-72.25,39.2,16.11
542,Rumuruti,KE,0,1554149979,88,0.26,36.54,51.28,3.53
543,Impfondo,CD,48,1554149980,83,1.62,18.06,77.56,2.82
544,Porlamar,VE,0,1554149980,93,10.96,-63.85,79.09,21.61
545,Torrington,US,75,1554149830,34,42.06,-104.18,55.4,19.46
546,Lokoja,NG,0,1554149980,66,7.8,6.74,82.78,3.31
547,Mecca,SA,0,1554149647,48,21.43,39.83,56.86,4.61
548,Jalu,LY,24,1554149445,46,29.03,21.55,58.75,7.34
549,Wanaka,NZ,64,1554149365,61,-44.7,169.14,42.46,2.08
550,Kysyl-Syr,RU,0,1554149981,85,63.9,122.77,16.36,3.09
551,Itoman,JP,20,1554147000,47,26.12,127.67,59,9.17
552,Algiers,US,1,1554149964,38,29.94,-90.04,66,8.05
553,Byron Bay,AU,75,1554149415,72,-28.65,153.62,68,10.29
554,Mount Isa,AU,0,1554147000,52,-20.73,139.49,66.2,6.93
555,Yeppoon,AU,12,1554147000,77,-23.13,150.74,66.2,8.05
556,Palmer,US,1,1554149421,60,61.6,-149.11,48,4.7
557,Fukue,JP,20,1554149895,70,35.03,136.69,42.8,21.92
558,Jiexiu,CN,24,1554149982,70,37.02,111.92,29.59,3.87
559,Lewisville,US,40,1554149934,28,33.05,-96.99,64.99,4.72
